Entity,Types,Author,URL,Publish date
“Detoxes” and “Cleanses” - NIH NCCIH,Article,NIH NCCIH,https://www.nccih.nih.gov/health/detoxes-and-cleanses-what-you-need-to-know,2019-09-01
5-HTP - MedlinePlus,Article,MedlinePlus,https://medlineplus.gov/druginfo/natural/794.html,2022-04-02
Acai - NIH NCCIH,Article,NIH NCCIH,https://www.nccih.nih.gov/health/acai,2020-08-01
Acidophilus - Mayo Clinic,Article,Mayo Clinic,https://www.mayoclinic.org/drugs-supplements-acidophilus/art-20361967,2020-11-18
Activated Charcoal - MedlinePlus,Article,MedlinePlus,https://medlineplus.gov/druginfo/natural/269.html,2022-08-04
Acupuncture - NIH NCCIH,Article,NIH NCCIH,https://www.nccih.nih.gov/health/acupuncture-in-depth,2016-01-01
ADHD - NIH NCCIH,Article,NIH NCCIH,https://www.nccih.nih.gov/health/attention-deficit-hyperactivity-disorder-at-a-glance,2019-05-01
Aerobic exercise - FoundMyFitness,Article,FoundMyFitness,https://www.foundmyfitness.com/topics/aerobic-exercise,2022-08-10
Alfalfa - MedlinePlus,Article,MedlinePlus,https://medlineplus.gov/druginfo/natural/19.html,2021-09-24
Aloe - Mayo Clinic,Article,Mayo Clinic,https://www.mayoclinic.org/drugs-supplements-aloe/art-20362267,2020-11-18
Aloe Vera - NIH NCCIH,Article,NIH NCCIH,https://www.nccih.nih.gov/health/aloe-vera,2020-08-01
Alpha-Lipoic Acid - MedlinePlus,Article,MedlinePlus,https://medlineplus.gov/druginfo/natural/767.html,2022-05-16
Alzheimer’s Disease - NIH NCCIH,Article,NIH NCCIH,https://www.nccih.nih.gov/health/alzheimers-disease-at-a-glance,2019-06-01
American Ginseng - MedlinePlus,Article,MedlinePlus,https://medlineplus.gov/druginfo/natural/967.html,2021-10-26
Antioxidants - NIH NCCIH,Article,NIH NCCIH,https://www.nccih.nih.gov/health/antioxidants-in-depth,2013-11-01
Anxiety - NIH NCCIH,Article,NIH NCCIH,https://www.nccih.nih.gov/health/anxiety-at-a-glance,2018-12-01
Apple Cider Vinegar - MedlinePlus,Article,MedlinePlus,https://medlineplus.gov/druginfo/natural/816.html,2022-04-14
Arnica - MedlinePlus,Article,MedlinePlus,https://medlineplus.gov/druginfo/natural/721.html,2021-07-21
Aromatherapy - NIH NCCIH,Article,NIH NCCIH,https://www.nccih.nih.gov/health/aromatherapy,2020-01-01
Ashwagandha - MedlinePlus,Article,MedlinePlus,https://medlineplus.gov/druginfo/natural/953.html,2022-08-02
Asian Ginseng - NIH NCCIH,Article,NIH NCCIH,https://www.nccih.nih.gov/health/asian-ginseng,2020-08-01
Asthma - NIH NCCIH,Article,NIH NCCIH,https://www.nccih.nih.gov/health/asthma-and-complementary-health-approaches-what-you-need-to-know,2022-03-01
Astragalus - NIH NCCIH,Article,NIH NCCIH,https://www.nccih.nih.gov/health/astragalus,2020-08-01
Autism - NIH NCCIH,Article,NIH NCCIH,https://www.nccih.nih.gov/health/autism,2017-07-01
Autophagy - FoundMyFitness,Article,FoundMyFitness,https://www.foundmyfitness.com/topics/autophagy,2022-08-09
Ayurvedic Medicine - NIH NCCIH,Article,NIH NCCIH,https://www.nccih.nih.gov/health/ayurvedic-medicine-in-depth,2019-01-01
Bacillus Coagulans - MedlinePlus,Article,MedlinePlus,https://medlineplus.gov/druginfo/natural/1185.html,2022-06-22
BDNF - FoundMyFitness,Article,FoundMyFitness,https://www.foundmyfitness.com/topics/bdnf,2022-08-09
Bee Pollen - MedlinePlus,Article,MedlinePlus,https://medlineplus.gov/druginfo/natural/78.html,2022-01-25
Belladonna - MedlinePlus,Article,MedlinePlus,https://medlineplus.gov/druginfo/natural/531.html,2022-07-14
Benefits of breastfeeding - MedlinePlus,Article,MedlinePlus,https://medlineplus.gov/ency/patientinstructions/000639.htm,2020-05-10
Benefits of Exercise - MedlinePlus,Article,MedlinePlus,https://medlineplus.gov/benefitsofexercise.html,2017-08-30
Benefits of quitting tobacco - MedlinePlus,Article,MedlinePlus,https://medlineplus.gov/ency/article/007532.htm,2021-10-23
Berberine - FoundMyFitness,Article,FoundMyFitness,https://www.foundmyfitness.com/topics/berberine,2022-08-10
Berberine - MedlinePlus,Article,MedlinePlus,https://medlineplus.gov/druginfo/natural/1126.html,2021-09-16
Beta-Carotene - MedlinePlus,Article,MedlinePlus,https://medlineplus.gov/druginfo/natural/999.html,2022-07-07
Bete-hydroxybutyrate - FoundMyFitness,Article,FoundMyFitness,https://www.foundmyfitness.com/topics/beta-hydroxybutyrate,2022-08-10
Bifidobacterium animalis subsp. lactis - MedlinePlus,Article,MedlinePlus,https://medlineplus.gov/druginfo/natural/891.html,2022-06-22
Bilberry - NIH NCCIH,Article,NIH NCCIH,https://www.nccih.nih.gov/health/bilberry,2020-08-01
Biotin - MedlinePlus,Article,MedlinePlus,https://medlineplus.gov/druginfo/natural/313.html,2021-08-19
Bitter Melon - MedlinePlus,Article,MedlinePlus,https://medlineplus.gov/druginfo/natural/795.html,2021-10-08
Bitter Orange - NIH NCCIH,Article,NIH NCCIH,https://www.nccih.nih.gov/health/bitter-orange,2020-05-01
Black Cohosh - NIH NCCIH,Article,NIH NCCIH,https://www.nccih.nih.gov/health/black-cohosh,2020-05-01
Black Psyllium - MedlinePlus,Article,MedlinePlus,https://medlineplus.gov/druginfo/natural/97.html,2022-07-29
Black Seed - MedlinePlus,Article,MedlinePlus,https://medlineplus.gov/druginfo/natural/901.html,2022-03-31
Black Tea - MedlinePlus,Article,MedlinePlus,https://medlineplus.gov/druginfo/natural/997.html,2022-07-29
Blessed Thistle - MedlinePlus,Article,MedlinePlus,https://medlineplus.gov/druginfo/natural/94.html,2021-12-02
Blond Psyllium - MedlinePlus,Article,MedlinePlus,https://medlineplus.gov/druginfo/natural/866.html,2022-01-27
Blood brain barrier - FoundMyFitness,Article,FoundMyFitness,https://www.foundmyfitness.com/topics/blood-brain-barrier,2022-08-10
Blue-Green Algae - MedlinePlus,Article,MedlinePlus,https://medlineplus.gov/druginfo/natural/923.html,2021-08-03
Blueberry - MedlinePlus,Article,MedlinePlus,https://medlineplus.gov/druginfo/natural/1013.html,2022-02-14
Bodybuilding and Performance Enhancement Supplements - NIH NCCIH,Article,NIH NCCIH,https://www.nccih.nih.gov/health/bodybuilding-and-performance-enhancement-supplements,2021-01-01
Boron - MedlinePlus,Article,MedlinePlus,https://medlineplus.gov/druginfo/natural/894.html,2022-06-14
Breastfeeding - FoundMyFitness,Article,FoundMyFitness,https://www.foundmyfitness.com/topics/breastfeeding,2022-08-10
Bromelain - NIH NCCIH,Article,NIH NCCIH,https://www.nccih.nih.gov/health/bromelain,2020-05-01
Butterbur - NIH NCCIH,Article,NIH NCCIH,https://www.nccih.nih.gov/health/butterbur,2020-07-01
Butyrate - FoundMyFitness,Article,FoundMyFitness,https://www.foundmyfitness.com/topics/butyrate,2022-08-10
Calcium - Consumer ODS (nih.gov),Article,NIH ODS,https://ods.od.nih.gov/factsheets/Calcium-Consumer/,2021-11-17
Calendula - MedlinePlus,Article,MedlinePlus,https://medlineplus.gov/druginfo/natural/235.html,2022-04-10
Caloric restriction - FoundMyFitness,Article,FoundMyFitness,https://www.foundmyfitness.com/topics/caloric-restriction,2022-08-10
Cancer - NIH NCCIH,Article,NIH NCCIH,https://www.nccih.nih.gov/health/cancer-and-complementary-health-approaches-what-you-need-to-know,2021-10-01
Cannabidiol (CBD) - MedlinePlus,Article,MedlinePlus,https://medlineplus.gov/druginfo/natural/1439.html,2022-07-20
Cannabis (Marijuana) and Cannabinoids - NIH NCCIH,Article,NIH NCCIH,https://www.nccih.nih.gov/health/cannabis-marijuana-and-cannabinoids-what-you-need-to-know,2019-11-01
Capsicum - MedlinePlus,Article,MedlinePlus,https://medlineplus.gov/druginfo/natural/945.html,2022-07-19
Cardiovascular Disease - NIH NCCIH,Article,NIH NCCIH,https://www.nccih.nih.gov/health/cardiovascular-disease,2020-01-01
Carotenoids - FoundMyFitness,Article,FoundMyFitness,https://www.foundmyfitness.com/topics/carotenoids,2022-08-10
Cascara Sagrada - MedlinePlus,Article,MedlinePlus,https://medlineplus.gov/druginfo/natural/773.html,2022-02-14
Cat’s Claw - NIH NCCIH,Article,NIH NCCIH,https://www.nccih.nih.gov/health/cats-claw,2020-05-01
Chamomile - NIH NCCIH,Article,NIH NCCIH,https://www.nccih.nih.gov/health/chamomile,2020-05-01
Chasteberry - NIH NCCIH,Article,NIH NCCIH,https://www.nccih.nih.gov/health/chasteberry,2020-07-01
Chelation for Coronary Heart Disease - NIH NCCIH,Article,NIH NCCIH,https://www.nccih.nih.gov/health/chelation-for-coronary-heart-disease-what-you-need-to-know,2020-01-01
Children and the Use of Complementary Health Approaches - NIH NCCIH,Article,NIH NCCIH,https://www.nccih.nih.gov/health/children-and-the-use-of-complementary-health-approaches,2017-02-01
Chiropractic - NIH NCCIH,Article,NIH NCCIH,https://www.nccih.nih.gov/health/chiropractic-in-depth,2019-04-01
Cholesterol Management - NIH NCCIH,Article,NIH NCCIH,https://www.nccih.nih.gov/health/cholesterol-management-at-a-glance,2019-04-01
Chondroitin Sulfate - MedlinePlus,Article,MedlinePlus,https://medlineplus.gov/druginfo/natural/744.html,2022-01-27
Chromium - Consumer ODS (nih.gov),Article,NIH ODS,https://ods.od.nih.gov/factsheets/chromium-Consumer/,2021-03-22
Chronic Pain - NIH NCCIH,Article,NIH NCCIH,https://www.nccih.nih.gov/health/chronic-pain-in-depth,2018-09-01
Cinnamon - NIH NCCIH,Article,NIH NCCIH,https://www.nccih.nih.gov/health/cinnamon,2020-05-01
Clove - MedlinePlus,Article,MedlinePlus,https://medlineplus.gov/druginfo/natural/251.html,2021-10-25
Coconut Oil - MedlinePlus,Article,MedlinePlus,https://medlineplus.gov/druginfo/natural/1092.html,2022-08-02
Coconut Water - MedlinePlus,Article,MedlinePlus,https://medlineplus.gov/druginfo/natural/1261.html,2018-06-12
Cod Liver Oil - MedlinePlus,Article,MedlinePlus,https://medlineplus.gov/druginfo/natural/1040.html,2022-03-23
Coenzyme Q10 - Health Professional Version - Cancer.gov,Article,Cancer.gov,https://www.cancer.gov/about-cancer/treatment/cam/hp/coenzyme-q10-pdq,2022-06-07
Coenzyme Q10 - Mayo Clinic,Article,Mayo Clinic,https://www.mayoclinic.org/drugs-supplements-coenzyme-q10/art-20362602,2020-11-10
Coenzyme Q10 - NIH NCCIH,Article,NIH NCCIH,https://www.nccih.nih.gov/health/coenzyme-q10,2019-01-01
Cold exposure - FoundMyFitness,Article,FoundMyFitness,https://www.foundmyfitness.com/topics/cold-exposure-therapy,2022-08-09
Collagen Peptides - MedlinePlus,Article,MedlinePlus,https://medlineplus.gov/druginfo/natural/1606.html,2022-03-14
Collagens - FoundMyFitness,Article,FoundMyFitness,https://www.foundmyfitness.com/topics/collagen,2022-08-10
Colloidal Silver - NIH NCCIH,Article,NIH NCCIH,https://www.nccih.nih.gov/health/colloidal-silver,2017-04-01
Complementary Health Approach - NIH NCCIH,Article,NIH NCCIH,https://www.nccih.nih.gov/health/are-you-considering-a-complementary-health-approach,2016-09-01
Complementary Health Approaches for Travelers - NIH NCCIH,Article,NIH NCCIH,https://www.nccih.nih.gov/health/complementary-health-approaches-for-travelers,2017-11-01
Cranberry - NIH NCCIH,Article,NIH NCCIH,https://www.nccih.nih.gov/health/cranberry,2020-05-01
Creatine - FoundMyFitness,Article,FoundMyFitness,https://www.foundmyfitness.com/topics/creatine,2022-08-10
Creatine - Mayo Clinic,Article,Mayo Clinic,https://www.mayoclinic.org/drugs-supplements-creatine/art-20347591,2021-02-09
Creatine - MedlinePlus,Article,MedlinePlus,https://medlineplus.gov/druginfo/natural/873.html,2021-10-26
Cupping - NIH NCCIH,Article,NIH NCCIH,https://www.nccih.nih.gov/health/cupping,2018-11-01
Dandelion - NIH NCCIH,Article,NIH NCCIH,https://www.nccih.nih.gov/health/dandelion,2020-05-01
Deer Velvet - MedlinePlus,Article,MedlinePlus,https://medlineplus.gov/druginfo/natural/808.html,2022-02-15
Depression - FoundMyFitness,Article,FoundMyFitness,https://www.foundmyfitness.com/topics/depression,2022-08-10
Depression - NIH NCCIH,Article,NIH NCCIH,https://www.nccih.nih.gov/health/depression,2020-02-01
Devil's Claw - MedlinePlus,Article,MedlinePlus,https://medlineplus.gov/druginfo/natural/984.html,2022-05-13
DHEA - Mayo Clinic,Article,Mayo Clinic,https://www.mayoclinic.org/drugs-supplements-dhea/art-20364199,2021-02-12
DHEA - MedlinePlus,Article,MedlinePlus,https://medlineplus.gov/druginfo/natural/331.html,2022-04-02
Diabetes and Dietary Supplements - NIH NCCIH,Article,NIH NCCIH,https://www.nccih.nih.gov/health/diabetes-and-dietary-supplements,2018-05-01
Dietary Supplements in the Time of COVID-19 - Consumer ODS (nih.gov),Article,NIH ODS,https://ods.od.nih.gov/factsheets/DietarySupplementsInTheTimeOfCOVID19-Consumer/,2022-08-08
Dimethyl Sulfoxide (DMSO) and Methylsulfonylmethane (MSM) for Osteoarthritis - NIH NCCIH,Article,NIH NCCIH,https://www.nccih.nih.gov/health/dimethyl-sulfoxide-dmso-and-methylsulfonylmethane-msm-for-osteoarthritis,2017-09-01
Dong Quai - MedlinePlus,Article,MedlinePlus,https://medlineplus.gov/druginfo/natural/936.html,2021-09-08
Echinacea - NIH NCCIH,Article,NIH NCCIH,https://www.nccih.nih.gov/health/echinacea,2020-07-01
Elderberry - NIH NCCIH,Article,NIH NCCIH,https://www.nccih.nih.gov/health/elderberry,2020-08-01
Eleuthero - MedlinePlus,Article,MedlinePlus,https://medlineplus.gov/druginfo/natural/985.html,2022-03-13
Energy Drinks - NIH NCCIH,Article,NIH NCCIH,https://www.nccih.nih.gov/health/energy-drinks,2018-07-01
Ephedra - NIH NCCIH,Article,NIH NCCIH,https://www.nccih.nih.gov/health/ephedra,2020-07-01
Epigenetic clocks - FoundMyFitness,Article,FoundMyFitness,https://www.foundmyfitness.com/topics/epigenetic-clocks,2022-08-10
Erectile Dysfunction/Sexual Enhancement - NIH NCCIH,Article,NIH NCCIH,https://www.nccih.nih.gov/health/erectile-dysfunctionsexual-enhancement,2019-04-01
Essiac/Flor Essence - NCI cancer.gov,Article,Cancer.gov,https://www.cancer.gov/about-cancer/treatment/cam/hp/essiac-pdq,2022-06-07
Eucalyptus - MedlinePlus,Article,MedlinePlus,https://medlineplus.gov/druginfo/natural/700.html,2022-07-29
European Mistletoe - NIH NCCIH,Article,NIH NCCIH,https://www.nccih.nih.gov/health/european-mistletoe,2020-08-01
Evening primrose - Mayo Clinic,Article,Mayo Clinic,https://www.mayoclinic.org/drugs-supplements-evening-primrose/art-20364500,2020-11-13
Evening Primrose Oil - NIH NCCIH,Article,NIH NCCIH,https://www.nccih.nih.gov/health/evening-primrose-oil,2020-08-01
Eye Conditions - NIH NCCIH,Article,NIH NCCIH,https://www.nccih.nih.gov/health/eye-conditions-at-a-glance,2017-09-01
Fasting - FoundMyFitness,Article,FoundMyFitness,https://www.foundmyfitness.com/topics/fasting,2022-08-10
Fenugreek - NIH NCCIH,Article,NIH NCCIH,https://www.nccih.nih.gov/health/fenugreek,2020-08-01
Feverfew - NIH NCCIH,Article,NIH NCCIH,https://www.nccih.nih.gov/health/feverfew,2020-12-01
Fibromyalgia - NIH NCCIH,Article,NIH NCCIH,https://www.nccih.nih.gov/health/fibromyalgia-in-depth,2016-05-01
Fish oil - Mayo Clinic,Article,Mayo Clinic,https://www.mayoclinic.org/drugs-supplements-fish-oil/art-20364810,2021-02-09
Flaxseed - NIH NCCIH,Article,NIH NCCIH,https://www.nccih.nih.gov/health/flaxseed-and-flaxseed-oil,2020-12-01
Flaxseed and flaxseed oil - Mayo Clinic,Article,Mayo Clinic,https://www.mayoclinic.org/drugs-supplements-flaxseed-and-flaxseed-oil/art-20366457,2020-11-14
Flu and Colds - NIH NCCIH,Article,NIH NCCIH,https://www.nccih.nih.gov/health/flu-and-colds-in-depth,2016-11-01
Folate - Health Professional Fact Sheet ODS (nih.gov),Article,NIH ODS,https://ods.od.nih.gov/factsheets/Folate-HealthProfessional/,2021-03-29
Folate (folic acid) - Mayo Clinic,Article,Mayo Clinic,https://www.mayoclinic.org/drugs-supplements-folate/art-20364625,2021-02-23
Folic Acid - MedlinePlus,Article,MedlinePlus,https://medlineplus.gov/druginfo/natural/1017.html,2022-06-27
FoundMyFitness Sauna Use: Implications for Aging and the Brain - PDF newsletter,Newsletter,FoundMyFitness,https://drive.google.com/file/d/1tRxI9ri2ZIPujndzZSdduplmtMlW1x9T/view?usp=sharing,2022-08-10
FOXO - FoundMyFitness,Article,FoundMyFitness,https://www.foundmyfitness.com/topics/foxo,2022-08-10
Fucus Vesiculosus - MedlinePlus,Article,MedlinePlus,https://medlineplus.gov/druginfo/natural/726.html,2021-12-10
Garcinia Cambogia - NIH NCCIH,Article,NIH NCCIH,https://www.nccih.nih.gov/health/garcinia-cambogia,2020-12-01
Garlic - NIH NCCIH,Article,NIH NCCIH,https://www.nccih.nih.gov/health/garlic,2020-12-01
Gelatin - MedlinePlus,Article,MedlinePlus,https://medlineplus.gov/druginfo/natural/1051.html,2022-02-18
Ginger - NIH NCCIH,Article,NIH NCCIH,https://www.nccih.nih.gov/health/ginger,2020-12-01
Ginkgo - Mayo Clinic,Article,Mayo Clinic,https://www.mayoclinic.org/drugs-supplements-ginkgo/art-20362032,2020-11-18
Ginkgo - NIH NCCIH,Article,NIH NCCIH,https://www.nccih.nih.gov/health/ginkgo,2020-08-01
Glucosamine - Mayo Clinic,Article,Mayo Clinic,https://www.mayoclinic.org/drugs-supplements-glucosamine/art-20362874,2020-11-12
Glucosamine - MedlinePlus,Article,MedlinePlus,https://medlineplus.gov/druginfo/natural/807.html,2022-05-17
Glucosamine and Chondroitin for Osteoarthritis - NIH NCCIH,Article,NIH NCCIH,https://www.nccih.nih.gov/health/glucosamine-and-chondroitin-for-osteoarthritis,2014-11-01
Goji - MedlinePlus,Article,MedlinePlus,https://medlineplus.gov/druginfo/natural/1025.html,2021-07-02
Goldenseal - NIH NCCIH,Article,NIH NCCIH,https://www.nccih.nih.gov/health/goldenseal,2021-03-01
Grape - MedlinePlus,Article,MedlinePlus,https://medlineplus.gov/druginfo/natural/472.html,2022-07-01
Grape Seed Extract - NIH NCCIH,Article,NIH NCCIH,https://www.nccih.nih.gov/health/grape-seed-extract,2020-08-01
Grapefruit - MedlinePlus,Article,MedlinePlus,https://medlineplus.gov/druginfo/natural/946.html,2022-08-23
Green Coffee - MedlinePlus,Article,MedlinePlus,https://medlineplus.gov/druginfo/natural/1264.html,2022-08-29
Green Tea - NIH NCCIH,Article,NIH NCCIH,https://www.nccih.nih.gov/health/green-tea,2020-10-01
Guarana - MedlinePlus,Article,MedlinePlus,https://medlineplus.gov/druginfo/natural/935.html,2022-05-13
Gymnema - MedlinePlus,Article,MedlinePlus,https://medlineplus.gov/druginfo/natural/841.html,2021-09-15
Hallmarks of aging - FoundMyFitness,Article,FoundMyFitness,https://www.foundmyfitness.com/topics/hallmarks-of-aging,2022-08-10
Hawthorn - NIH NCCIH,Article,NIH NCCIH,https://www.nccih.nih.gov/health/hawthorn,2020-08-01
Headaches - NIH NCCIH,Article,NIH NCCIH,https://www.nccih.nih.gov/health/headaches-what-you-need-to-know,2021-08-01
Hepatitis C - NIH NCCIH,Article,NIH NCCIH,https://www.nccih.nih.gov/health/hepatitis-c-and-dietary-supplements,2018-05-01
Hibiscus sabdariffa - MedlinePlus,Article,MedlinePlus,https://medlineplus.gov/druginfo/natural/211.html,2022-08-29
Homeopathy - NIH NCCIH,Article,NIH NCCIH,https://www.nccih.nih.gov/health/homeopathy,2021-05-01
Honey - Mayo Clinic,Article,Mayo Clinic,https://www.mayoclinic.org/drugs-supplements-honey/art-20363819,2020-11-14
Honey - MedlinePlus,Article,MedlinePlus,https://medlineplus.gov/druginfo/natural/738.html,2022-08-11
Hoodia - NIH NCCIH,Article,NIH NCCIH,https://www.nccih.nih.gov/health/hoodia,2020-08-01
Hops - MedlinePlus,Article,MedlinePlus,https://medlineplus.gov/druginfo/natural/856.html,2022-07-29
Horny Goat Weed - MedlinePlus,Article,MedlinePlus,https://medlineplus.gov/druginfo/natural/699.html,2021-08-26
Horse Chestnut - NIH NCCIH,Article,NIH NCCIH,https://www.nccih.nih.gov/health/horse-chestnut,2020-10-01
Horsetail - MedlinePlus,Article,MedlinePlus,https://medlineplus.gov/druginfo/natural/843.html,2022-08-16
Hypertension - NIH NCCIH,Article,NIH NCCIH,https://www.nccih.nih.gov/health/hypertension-high-blood-pressure,2018-07-01
Hypnosis - NIH NCCIH,Article,NIH NCCIH,https://www.nccih.nih.gov/health/hypnosis,2020-01-01
Intestinal permeability - FoundMyFitness,Article,FoundMyFitness,https://www.foundmyfitness.com/topics/intestinal-permeability,2022-08-10
Iodine - Health Professional Fact Sheet ODS (nih.gov),Article,NIH ODS,https://ods.od.nih.gov/factsheets/Iodine-HealthProfessional/,2022-04-28
Iron - Health Professional Fact Sheet ODS (nih.gov),Article,NIH ODS,https://ods.od.nih.gov/factsheets/Iron-HealthProfessional/,2022-04-05
Irritable Bowel Syndrome - NIH NCCIH,Article,NIH NCCIH,https://www.nccih.nih.gov/health/irritable-bowel-syndrome-in-depth,2015-03-01
Kava - NIH NCCIH,Article,NIH NCCIH,https://www.nccih.nih.gov/health/kava,2020-08-01
Kratom - NIH NCCIH,Article,NIH NCCIH,https://www.nccih.nih.gov/health/kratom,2022-04-01
L-arginine - Mayo Clinic,Article,Mayo Clinic,https://www.mayoclinic.org/drugs-supplements-l-arginine/art-20364681,2021-02-04
L-Arginine - MedlinePlus,Article,MedlinePlus,https://medlineplus.gov/druginfo/natural/875.html,2021-10-13
L-Tryptophan - MedlinePlus,Article,MedlinePlus,https://medlineplus.gov/druginfo/natural/326.html,2022-03-31
Lactobacillus acidophilus - MedlinePlus,Article,MedlinePlus,https://medlineplus.gov/druginfo/natural/790.html,2022-06-23
Lactobacillus reuteri - FoundMyFitness,Article,FoundMyFitness,https://www.foundmyfitness.com/topics/lactobacillus-reuteri,2022-08-10
Lavender - NIH NCCIH,Article,NIH NCCIH,https://www.nccih.nih.gov/health/lavender,2020-08-01
Licorice Root - NIH NCCIH,Article,NIH NCCIH,https://www.nccih.nih.gov/health/licorice-root,2020-08-01
Lipase - MedlinePlus,Article,MedlinePlus,https://medlineplus.gov/druginfo/natural/203.html,2022-02-17
Low-Back Pain - NIH NCCIH,Article,NIH NCCIH,https://www.nccih.nih.gov/health/low-back-pain-and-complementary-health-approaches-what-you-need-to-know,2020-01-01
Lutein - MedlinePlus,Article,MedlinePlus,https://medlineplus.gov/druginfo/natural/754.html,2022-07-08
Lycopene - MedlinePlus,Article,MedlinePlus,https://medlineplus.gov/druginfo/natural/554.html,2021-09-08
Lyme Disease - NIH NCCIH,Article,NIH NCCIH,https://www.nccih.nih.gov/health/lyme-disease,2019-03-01
Maca - MedlinePlus,Article,MedlinePlus,https://medlineplus.gov/druginfo/natural/555.html,2022-07-11
Magnesium - Health Professional Fact Sheet ODS (nih.gov),Article,NIH ODS,https://ods.od.nih.gov/factsheets/Magnesium-HealthProfessional/,2022-06-02
Magnets - NIH NCCIH,Article,NIH NCCIH,https://www.nccih.nih.gov/health/magnets,2013-02-01
Manganese - Health Professional Fact Sheet ODS (nih.gov),Article,NIH ODS,https://ods.od.nih.gov/factsheets/Manganese-HealthProfessional/,2022-06-02
Mangosteen: MedlinePlus,Article,MedlinePlus,https://medlineplus.gov/druginfo/natural/1081.html,2021-12-17
Marijuana - Mayo Clinic,Article,Mayo Clinic,https://www.mayoclinic.org/drugs-supplements-marijuana/art-20364974,2020-11-18
Maritime Pine - MedlinePlus,Article,MedlinePlus,https://medlineplus.gov/druginfo/natural/1019.html,2022-08-29
Massage Therapy - NIH NCCIH,Article,NIH NCCIH,https://www.nccih.nih.gov/health/massage-therapy-what-you-need-to-know,2019-05-01
Meditation and Mindfulness - NIH NCCIH,Article,NIH NCCIH,https://www.nccih.nih.gov/health/meditation-and-mindfulness-what-you-need-to-know,2022-06-01
Melatonin - Mayo Clinic,Article,Mayo Clinic,https://www.mayoclinic.org/drugs-supplements-melatonin/art-20363071,2021-03-03
Melatonin - MedlinePlus,Article,MedlinePlus,https://medlineplus.gov/druginfo/natural/940.html,2022-06-09
Melatonin - NIH NCCIH,Article,NIH NCCIH,https://www.nccih.nih.gov/health/melatonin-what-you-need-to-know,2022-07-01
Men’s Health - NIH NCCIH,Article,NIH NCCIH,https://www.nccih.nih.gov/health/mens-health,2019-06-01
Menopausal Symptoms - NIH NCCIH,Article,NIH NCCIH,https://www.nccih.nih.gov/health/menopausal-symptoms-in-depth,2017-05-01
Mental Health - NIH NCCIH,Article,NIH NCCIH,https://www.nccih.nih.gov/health/mental-health,2020-01-01
Metformin - FoundMyFitness,Article,FoundMyFitness,https://www.foundmyfitness.com/topics/metformin,2022-08-10
Methylsulfonylmethane (MSM) - MedlinePlus,Article,MedlinePlus,https://medlineplus.gov/druginfo/natural/522.html,2022-03-31
Milk thistle - Mayo Clinic,Article,Mayo Clinic,https://www.mayoclinic.org/drugs-supplements-milk-thistle/art-20362885,2020-11-19
Milk Thistle - NIH NCCIH,Article,NIH NCCIH,https://www.nccih.nih.gov/health/milk-thistle,2020-08-01
Mind and Body Practices - NIH NCCIH,Article,NIH NCCIH,https://www.nccih.nih.gov/health/mind-and-body-practices,2017-09-01
Mugwort - NIH NCCIH,Article,NIH NCCIH,https://www.nccih.nih.gov/health/mugwort,2021-01-01
Multiple Sclerosis - NIH NCCIH,Article,NIH NCCIH,https://www.nccih.nih.gov/health/multiple-sclerosis,2019-11-01
Music - NIH NCCIH,Article,NIH NCCIH,https://www.nccih.nih.gov/health/music-and-health-what-you-need-to-know,2022-09-01
N-Acetyl Cysteine (NAC) - MedlinePlus,Article,MedlinePlus,https://medlineplus.gov/druginfo/natural/1018.html,2022-06-28
NAD - FoundMyFitness,Article,FoundMyFitness,https://www.foundmyfitness.com/topics/nad,2022-08-10
Naturopathy - NIH NCCIH,Article,NIH NCCIH,https://www.nccih.nih.gov/health/naturopathy,2017-09-01
Neu5Gc - FoundMyFitness,Article,FoundMyFitness,https://www.foundmyfitness.com/topics/neu5gc,2022-08-10
Niacin - Health Professional Fact Sheet ODS (nih.gov),Article,NIH ODS,https://ods.od.nih.gov/factsheets/Niacin-HealthProfessional/,2022-08-23
Niacin - Mayo Clinic,Article,Mayo Clinic,https://www.mayoclinic.org/drugs-supplements-niacin/art-20364984,2020-11-12
Niacinamide - MedlinePlus,Article,MedlinePlus,https://medlineplus.gov/druginfo/natural/1534.html,2022-06-08
Nicotinamide mononucleotide - FoundMyFitness,Article,FoundMyFitness,https://www.foundmyfitness.com/topics/nicotinamide-mononucleotide,2022-08-10
Nicotinamide riboside - FoundMyFitness,Article,FoundMyFitness,https://www.foundmyfitness.com/topics/nicotinamide-riboside,2022-08-10
Noni - NIH NCCIH,Article,NIH NCCIH,https://www.nccih.nih.gov/health/noni,2020-08-01
Oats - MedlinePlus,Article,MedlinePlus,https://medlineplus.gov/druginfo/natural/814.html,2022-03-29
Olive - MedlinePlus,Article,MedlinePlus,https://medlineplus.gov/druginfo/natural/233.html,2022-08-28
Omega-3 fatty acids - FoundMyFitness,Article,FoundMyFitness,https://www.foundmyfitness.com/topics/omega-3,2022-10-24
Omega-3 Supplements - NIH NCCIH,Article,NIH NCCIH,https://www.nccih.nih.gov/health/omega3-supplements-in-depth,2018-05-01
Omega-6 Fatty Acids - MedlinePlus,Article,MedlinePlus,https://medlineplus.gov/druginfo/natural/496.html,2022-02-08
Oregano - MedlinePlus,Article,MedlinePlus,https://medlineplus.gov/druginfo/natural/644.html,2022-04-26
Oscillococcinum - MedlinePlus,Article,MedlinePlus,https://medlineplus.gov/druginfo/natural/1080.html,2022-02-16
Osteoarthritis - NIH NCCIH,Article,NIH NCCIH,https://www.nccih.nih.gov/health/osteoarthritis-in-depth,2016-09-01
Palm Oil - MedlinePlus,Article,MedlinePlus,https://medlineplus.gov/druginfo/natural/1139.html,2021-11-30
Panax Ginseng - MedlinePlus,Article,MedlinePlus,https://medlineplus.gov/druginfo/natural/1000.html,2022-03-27
Pantothenic Acid - Health Professional Fact Sheet ODS (nih.gov),Article,NIH ODS,https://ods.od.nih.gov/factsheets/PantothenicAcid-HealthProfessional/,2021-03-26
Papaya - MedlinePlus,Article,MedlinePlus,https://medlineplus.gov/druginfo/natural/488.html,2022-03-31
Parkinson’s Disease - NIH NCCIH,Article,NIH NCCIH,https://www.nccih.nih.gov/health/parkinsons-disease-at-a-glance,2018-08-01
Passionflower - NIH NCCIH,Article,NIH NCCIH,https://www.nccih.nih.gov/health/passionflower,2020-08-01
Pau D'Arco - MedlinePlus,Article,MedlinePlus,https://medlineplus.gov/druginfo/natural/647.html,2022-02-08
Peanut Oil - MedlinePlus,Article,MedlinePlus,https://medlineplus.gov/druginfo/natural/483.html,2021-11-17
Pennyroyal - MedlinePlus,Article,MedlinePlus,https://medlineplus.gov/druginfo/natural/480.html,2020-02-13
Peppermint oil - NIH NCCIH,Article,NIH NCCIH,https://www.nccih.nih.gov/health/peppermint-oil,2020-10-01
Phosphate Salts - MedlinePlus,Article,MedlinePlus,https://medlineplus.gov/druginfo/natural/735.html,2022-02-15
Placebo Effect - NIH NCCIH,Article,NIH NCCIH,https://www.nccih.nih.gov/health/placebo-effect,2020-01-01
Polyphenols - FoundMyFitness,Article,FoundMyFitness,https://www.foundmyfitness.com/topics/polyphenols,2022-08-10
Pomegranate - NIH NCCIH,Article,NIH NCCIH,https://www.nccih.nih.gov/health/pomegranate,2020-08-01
Post-Traumatic Stress Disorder - NIH NCCIH,Article,NIH NCCIH,https://www.nccih.nih.gov/health/post-traumatic-stress-disorder,2020-01-01
Probiotics - NIH NCCIH,Article,NIH NCCIH,https://www.nccih.nih.gov/health/probiotics-what-you-need-to-know,2019-08-01
Propolis - MedlinePlus,Article,MedlinePlus,https://medlineplus.gov/druginfo/natural/390.html,2022-07-28
Qigong - NIH NCCIH,Article,NIH NCCIH,https://www.nccih.nih.gov/health/qigong-what-you-need-to-know,2022-02-01
Quercetin - FoundMyFitness,Article,FoundMyFitness,https://www.foundmyfitness.com/topics/quercetin,2022-08-10
Quercetin - MedlinePlus,Article,MedlinePlus,https://medlineplus.gov/druginfo/natural/294.html,2022-05-11
Quitting Smoking - NIH NCCIH,Article,NIH NCCIH,https://www.nccih.nih.gov/health/quitting-smoking,2021-01-01
Raspberry Ketone - MedlinePlus,Article,MedlinePlus,https://medlineplus.gov/druginfo/natural/1262.html,2022-02-07
Red Clover - NIH NCCIH,Article,NIH NCCIH,https://www.nccih.nih.gov/health/red-clover,2020-10-01
Red yeast rice - Mayo Clinic,Article,Mayo Clinic,https://www.mayoclinic.org/drugs-supplements-red-yeast-rice/art-20363074,2020-11-14
Red Yeast Rice - NIH NCCIH,Article,NIH NCCIH,https://www.nccih.nih.gov/health/red-yeast-rice,2013-07-01
Reflexology - NIH NCCIH,Article,NIH NCCIH,https://www.nccih.nih.gov/health/reflexology,2020-01-01
Reiki - NIH NCCIH,Article,NIH NCCIH,https://www.nccih.nih.gov/health/reiki,2018-12-01
Reishi Mushroom -  MedlinePlus,Article,MedlinePlus,https://medlineplus.gov/druginfo/natural/905.html,2022-08-16
Relaxation Techniques - NIH NCCIH,Article,NIH NCCIH,https://www.nccih.nih.gov/health/relaxation-techniques-what-you-need-to-know,2021-06-01
Resveratrol - FoundMyFitness,Article,FoundMyFitness,https://www.foundmyfitness.com/topics/resveratrol,2022-08-10
Resveratrol - MedlinePlus,Article,MedlinePlus,https://medlineplus.gov/druginfo/natural/307.html,2021-07-22
Rheumatoid Arthritis - NIH NCCIH,Article,NIH NCCIH,https://www.nccih.nih.gov/health/rheumatoid-arthritis-in-depth,2019-01-01
Rhodiola - NIH NCCIH,Article,NIH NCCIH,https://www.nccih.nih.gov/health/rhodiola,2020-10-01
Riboflavin - Health Professional Fact Sheet ODS (nih.gov),Article,NIH ODS,https://ods.od.nih.gov/factsheets/Riboflavin-HealthProfessional/,2022-05-11
Roman Chamomile - MedlinePlus,Article,MedlinePlus,https://medlineplus.gov/druginfo/natural/752.html,2022-03-25
Rose Hip - MedlinePlus,Article,MedlinePlus,https://medlineplus.gov/druginfo/natural/839.html,2021-08-11
S-Adenosyl-L-Methionine - NIH NCCIH,Article,NIH NCCIH,https://www.nccih.nih.gov/health/sadenosyllmethionine-same-in-depth,2017-01-01
Saccharomyces Boulardii - MedlinePlus,Article,MedlinePlus,https://medlineplus.gov/druginfo/natural/332.html,2022-06-22
Sage - NIH NCCIH,Article,NIH NCCIH,https://www.nccih.nih.gov/health/sage,2020-10-01
Salmon roe - FoundMyFitness,Article,FoundMyFitness,https://www.foundmyfitness.com/topics/salmon-roe,2022-08-10
SAMe - Mayo Clinic,Article,Mayo Clinic,https://www.mayoclinic.org/drugs-supplements-same/art-20364924,2020-11-18
Sauna - FoundMyFitness,Article,FoundMyFitness,https://www.foundmyfitness.com/topics/sauna,2022-08-09
Saw Palmetto - NIH NCCIH,Article,NIH NCCIH,https://www.nccih.nih.gov/health/saw-palmetto,2020-05-01
Seasonal Affective Disorder - NIH NCCIH,Article,NIH NCCIH,https://www.nccih.nih.gov/health/seasonal-affective-disorder,2019-06-01
Seasonal Allergies - NIH NCCIH,Article,NIH NCCIH,https://www.nccih.nih.gov/health/seasonal-allergies-at-a-glance,2019-03-01
Selenium - Health Professional Fact Sheet ODS (nih.gov),Article,NIH ODS,https://ods.od.nih.gov/factsheets/Selenium-HealthProfessional/,2021-03-26
Senescence - FoundMyFitness,Article,FoundMyFitness,https://www.foundmyfitness.com/topics/senescence,2022-08-10
Senna - MedlinePlus,Article,MedlinePlus,https://medlineplus.gov/druginfo/natural/652.html,2021-11-10
Shark Cartilage - MedlinePlus,Article,MedlinePlus,https://medlineplus.gov/druginfo/natural/909.html,2022-02-14
Sirtuins - FoundMyFitness,Article,FoundMyFitness,https://www.foundmyfitness.com/topics/sirtuin,2022-08-10
Skin Conditions - NIH NCCIH,Article,NIH NCCIH,https://www.nccih.nih.gov/health/skin-conditions-at-a-glance,2019-11-01
Sleep Disorders - NIH NCCIH,Article,NIH NCCIH,https://www.nccih.nih.gov/health/sleep-disorders-in-depth,2015-10-01
Slippery Elm - MedlinePlus,Article,MedlinePlus,https://medlineplus.gov/druginfo/natural/978.html,2021-08-11
Small Vessel Disease - FoundMyFitness,Article,FoundMyFitness,https://www.foundmyfitness.com/topics/small-vessel-disease,2022-08-10
Soy - NIH NCCIH,Article,NIH NCCIH,https://www.nccih.nih.gov/health/soy,2020-12-01
Spearmint - MedlinePlus,Article,MedlinePlus,https://medlineplus.gov/druginfo/natural/845.html,2022-04-07
Spinal Manipulation - NIH NCCIH,Article,NIH NCCIH,https://www.nccih.nih.gov/health/spinal-manipulation-what-you-need-to-know,2022-09-01
St. John's Wort - Mayo Clinic,Article,Mayo Clinic,https://www.mayoclinic.org/drugs-supplements-st-johns-wort/art-20362212,2021-02-13
St. John's Wort and Depression - NIH NCCIH,Article,NIH NCCIH,https://www.nccih.nih.gov/health/st-johns-wort-and-depression-in-depth,2017-12-01
St. John’s Wort - NIH NCCIH,Article,NIH NCCIH,https://www.nccih.nih.gov/health/st-johns-wort,2020-10-01
Stevia - MedlinePlus,Article,MedlinePlus,https://medlineplus.gov/druginfo/natural/682.html,2022-05-12
Stress - NIH NCCIH,Article,NIH NCCIH,https://www.nccih.nih.gov/health/stress,2022-04-01
Sugar sweetened beverages - FoundMyFitness,Article,FoundMyFitness,https://www.foundmyfitness.com/topics/sugar-sweetened-beverages,2022-08-10
Sulforaphane - FoundMyFitness,Article,FoundMyFitness,https://www.foundmyfitness.com/topics/sulforaphane,2022-08-10
Tai Chi - NIH NCCIH,Article,NIH NCCIH,https://www.nccih.nih.gov/health/tai-chi-what-you-need-to-know,2022-03-01
Tea - NIH NCCIH,Article,NIH NCCIH,https://www.nccih.nih.gov/health/tea,2020-02-01
Tea Tree Oil - Mayo Clinic,Article,Mayo Clinic,https://www.mayoclinic.org/drugs-supplements-tea-tree-oil/art-20364246,2020-11-14
Tea Tree Oil - NIH NCCIH,Article,NIH NCCIH,https://www.nccih.nih.gov/health/tea-tree-oil,2020-10-01
Thiamin - Health Professional Fact Sheet ODS (nih.gov),Article,NIH ODS,https://ods.od.nih.gov/factsheets/Thiamin-HealthProfessional/,2021-03-26
Thiamin - Mayo Clinic,Article,Mayo Clinic,https://www.mayoclinic.org/drugs-supplements-thiamin/art-20366430,2020-11-14
Thunder God Vine - NIH NCCIH,Article,NIH NCCIH,https://www.nccih.nih.gov/health/thunder-god-vine,2021-01-01
Thymic involution - FoundMyFitness,Article,FoundMyFitness,https://www.foundmyfitness.com/topics/thymic-involution,2022-08-10
Time restricted eating - FoundMyFitness,Article,FoundMyFitness,https://www.foundmyfitness.com/topics/time-restricted-eating,2022-08-10
Toll like receptors - FoundMyFitness,Article,FoundMyFitness,https://www.foundmyfitness.com/topics/toll-like-receptors,2022-08-10
Traditional Chinese Medicine - NIH NCCIH,Article,NIH NCCIH,https://www.nccih.nih.gov/health/traditional-chinese-medicine-what-you-need-to-know,2019-04-01
Turmeric - NIH NCCIH,Article,NIH NCCIH,https://www.nccih.nih.gov/health/turmeric,2020-05-01
Vaccinations/Immunizations for Children - NIH NCCIH,Article,NIH NCCIH,https://www.nccih.nih.gov/health/vaccinationsimmunizations-for-children,2019-10-01
Valerian - NIH NCCIH,Article,NIH NCCIH,https://www.nccih.nih.gov/health/valerian,2020-10-01
Vitamin A - Mayo Clinic,Article,Mayo Clinic,https://www.mayoclinic.org/drugs-supplements-vitamin-a/art-20365945,2020-11-13
Vitamin A and Carotenoids - Health Professional Fact Sheet ODS (nih.gov),Article,NIH ODS,https://ods.od.nih.gov/factsheets/VitaminA-HealthProfessional/,2022-06-15
Vitamin B-12 - Mayo Clinic,Article,Mayo Clinic,https://www.mayoclinic.org/drugs-supplements-vitamin-b12/art-20363663,2021-07-17
Vitamin B-6 - Mayo Clinic,Article,Mayo Clinic,https://www.mayoclinic.org/drugs-supplements-vitamin-b6/art-20363468,2021-02-03
Vitamin B12 - Health Professional Fact Sheet ODS (nih.gov),Article,NIH ODS,https://ods.od.nih.gov/factsheets/VitaminB12-HealthProfessional/,2022-03-09
Vitamin B6 - Health Professional Fact Sheet ODS (nih.gov),Article,NIH ODS,https://ods.od.nih.gov/factsheets/VitaminB6-HealthProfessional/,2022-06-02
Vitamin B6 - MedlinePlus,Article,MedlinePlus,https://medlineplus.gov/druginfo/natural/934.html,2022-04-12
Vitamin C - FoundMyFitness,Article,FoundMyFitness,https://www.foundmyfitness.com/topics/vitamin-c,2022-08-09
Vitamin C - Health Professional Fact Sheet ODS (nih.gov),Article,NIH ODS,https://ods.od.nih.gov/factsheets/VitaminC-HealthProfessional/,2021-03-26
Vitamin C - Mayo Clinic,Article,Mayo Clinic,https://www.mayoclinic.org/drugs-supplements-vitamin-c/art-20363932,2020-11-17
Vitamin D - FoundMyFitness,Article,FoundMyFitness,https://www.foundmyfitness.com/topics/vitamin-d#bibid-9d1b048ac7a423d9946b625347afd018,2022-08-10
Vitamin D - Health Professional Fact Sheet ODS (nih.gov),Article,NIH ODS,https://ods.od.nih.gov/factsheets/VitaminD-HealthProfessional/,2022-08-12
Vitamin D - Mayo Clinic,Article,Mayo Clinic,https://www.mayoclinic.org/drugs-supplements-vitamin-d/art-20363792,2021-02-09
Vitamin D - MedlinePlus,Article,NIH ODS,https://ods.od.nih.gov/factsheets/VitaminD-Consumer/,2022-06-02
Vitamin E - Health Professional Fact Sheet ODS (nih.gov),Article,NIH ODS,https://ods.od.nih.gov/factsheets/VitaminE-HealthProfessional/,2021-03-26
Vitamin E - Mayo Clinic,Article,Mayo Clinic,https://www.mayoclinic.org/drugs-supplements-vitamin-e/art-20364144,2020-11-13
Vitamin K - Health Professional Fact Sheet ODS (nih.gov),Article,NIH ODS,https://ods.od.nih.gov/factsheets/VitaminK-HealthProfessional/,2021-03-29
Vitamins and Minerals - NIH NCCIH,Article,NIH NCCIH,https://www.nccih.nih.gov/health/vitamins-and-minerals,2018-02-01
Weight Control - NIH NCCIH,Article,NIH NCCIH,https://www.nccih.nih.gov/health/weight-control,2017-09-01
Wellness and Well-Being - NIH NCCIH,Article,NIH NCCIH,https://www.nccih.nih.gov/health/wellness-and-well-being,2018-10-01
Whey Protein - Mayo Clinic,Article,Mayo Clinic,https://www.mayoclinic.org/drugs-supplements-whey-protein/art-20363344,2020-11-13
Whey Protein - MedlinePlus,Article,MedlinePlus,https://medlineplus.gov/druginfo/natural/833.html,2021-08-26
Whole body hyperthermia - FoundMyFitness,Article,FoundMyFitness,https://www.foundmyfitness.com/topics/whole-body-hyperthermia,2022-08-10
Whole Person Health - NIH NCCIH,Article,NIH NCCIH,https://www.nccih.nih.gov/health/whole-person-health-what-you-need-to-know,2021-05-01
Wild Yam - MedlinePlus,Article,MedlinePlus,https://medlineplus.gov/druginfo/natural/970.html,2021-09-14
Willow Bark - MedlinePlus,Article,MedlinePlus,https://medlineplus.gov/druginfo/natural/955.html,2021-11-05
Women’s Health - NIH NCCIH,Article,NIH NCCIH,https://www.nccih.nih.gov/health/womens-health-and-complementary-approaches,2021-11-01
Yerba Mate - MedlinePlus,Article,MedlinePlus,https://medlineplus.gov/druginfo/natural/828.html,2022-04-07
Yoga - NIH NCCIH,Article,NIH NCCIH,https://www.nccih.nih.gov/health/yoga-what-you-need-to-know,2021-04-01
Yohimbe - NIH NCCIH,Article,NIH NCCIH,https://www.nccih.nih.gov/health/yohimbe,2020-11-01
Zinc - FoundMyFitness,Article,FoundMyFitness,https://www.foundmyfitness.com/topics/zinc,2022-08-09
Zinc - Health Professional Fact Sheet ODS (nih.gov),Article,NIH ODS,https://ods.od.nih.gov/factsheets/Zinc-HealthProfessional/,2022-08-02
Zinc - Mayo Clinic,Article,Mayo Clinic,https://www.mayoclinic.org/drugs-supplements-zinc/art-20366112,2020-11-17
Zinc - MedlinePlus,Article,MedlinePlus,https://medlineplus.gov/druginfo/natural/982.html,2022-07-19